login,login
cant login,login
how do i login to my account,login
password,password
password,password
I cant login to my password,login
I forgot my password,password
I forgot my password,password
I cant login,login
How do I enter the login,login
how do I password my login account,login
How do i access my password,password
flight number,flight number
flight number,flight number
how to find my flight number,flight number
what is my flight number,flight number
flight time,leaving flight
leaving flight,leaving flight
what time is my flight leaving,leaving flight
when does my flight leave,leaving flight
when does my flight leave,leaving flight
something leave,leaving flight
how do i login,login
how do i login,login
when do i enter the flight to leave,leaving flight
What time is my flight,leaving flight
login,login
can i login,login
how do i login,login
sorry when does my flight leave,leaving flight
how do i pay,payment
what can i pay with,payment
how do i pay,payment
what can i pay with,payment
how do i login,login
I cant login bro,login
I forgot my password,password
i cant login to my account,login
I forgot my password so I cant login,password
what is my flight number,flight number
What number is my flight,flight number
I forgot my passport,passport
I forgot my passport,passport
I need help with my login info, login
I need login info,login
I need some help with my login,login
Do I need to purchase travel insurance?,insurance
How and when can I purchase travel insurance?,insurance
What is Aeroplan?,aeroplan
Can I earn Aeroplan Miles with my Air Canada Vacations purchases? ,aeroplan
How do I join Aeroplan?,aeroplan
How can I redeem my Aeroplan Miles to make purchases with Air Canada Vacations?,aeroplan
Can I make a last-minute cruise booking? ,cruises
When are final payments due?,cruises
Can I add a flight to my cruise booking? ,cruises
How do I find out about prices for flights?,cruises
Can I choose my seat on the plane?,cruises
Is there a meal onboard the flight? ,cruises
Are transfers included when I purchase a flight with a cruise?,cruises
How can I find my cruise confirmation number?,cruises
How do I know if my reservation is confirmed?,cruises
How can I be sure my file is crossed- referenced with the other person I'm travelling with?,cruises
When will I receive my travel documents? ,cruises
I noticed an issue with my booking. What should I do?,cruises
How can I cancel or make a change to my booking? ,cruises
Can I accumulate Aeroplan Miles on a cruise-only booking?,cruises
How do I earn and redeem Aeroplan Miles on my cruise booking?,cruises
